<?xml version="1.0" encoding="UTF-8"?>
<storybuilder>
  <users>
    <user name="tuanva" group="0">
      <password>202cb962ac59075b964b07152d234b70</password>
      <image>resources/images/default.jpg</image>
      <age>0</age>
    </user>
    <user name="vijay" group="0">
      <password>202cb962ac59075b964b07152d234b70</password>
      <image>resources/images/default.jpg</image>
      <age>0</age>
    </user>
    <user name="Anna" group="1">
      <password>202cb962ac59075b964b07152d234b70</password>
      <image>resources/images/default.jpg</image>
      <age>0</age>
    </user>
    <user name="Helen" group="1">
      <password>202cb962ac59075b964b07152d234b70</password>
      <image>resources/images/default.jpg</image>
      <age>10</age>
    </user>
    <user name="admin" group="1">
      <password>698d51a19d8a121ce581499d7b701668</password>
      <age>25</age>
      <image>resources/images/default.jpg</image>
    </user>
    <user name="testChild" group="1">
      <password>testPassword</password>
      <age>10</age>
      <image>testimage.jpg</image>
    </user>
    <user name="testChild" group="1">
      <password>testPassword</password>
      <age>10</age>
      <image>testimage.jpg</image>
    </user>
    <user name="testChild" group="1">
      <password>testPassword</password>
      <age>10</age>
      <image>testimage.jpg</image>
    </user>
    <user name="testChild" group="1">
      <password>testPassword</password>
      <age>10</age>
      <image>testimage.jpg</image>
    </user>
    <user name="testChild" group="1">
      <password>testPassword</password>
      <age>10</age>
      <image>testimage.jpg</image>
    </user>
  </users>
  <stories>
    <story id="1" createdby="tuanva" feedback_require="true" url="http://www.magickeys.com/books/bee/index.html">
      <title>Buzzy Bee</title>
      <bgcolor>WHITE</bgcolor>
      <fontsize>10</fontsize>
      <font>Arial</font>
      <textcolor>BLACK</textcolor>
      <pages>
        <page>
          <content>Test Buzzy's not like other bees. Other bees make lots of trips to gather their nectar.</content>
          <sound />
          <images />
        </page>
        <page>
          <content>Here's Buzzy sipping from a daffodil.</content>
          <sound />
          <images />
        </page>
        <page>
          <content>Tulips are sweet.</content>
          <sound />
          <images />
        </page>
        <page>
          <content>Mmm... Hyacinths are sweeter...</content>
          <sound />
          <images />
        </page>
        <page>
          <content>Just one more flower.</content>
          <sound />
          <images />
        </page>
        <page>
          <content>Uh-oh.</content>
          <sound />
          <images />
        </page>
        <page>
          <content>Rescued again.</content>
          <sound />
          <images />
        </page>
      </pages>
    </story>
    <story id="2" feedback_require="TRUE" createdby="vijay">
      <title>Buzzy Bee 1</title>
      <bgcolor />
      <fontsize>14</fontsize>
      <font />
      <textcolor />
      <pages>
        <page>
          <content>Buzzy's not like other bees. Other bees make lots of trips to gather their nectar.</content>
          <sound />
          <images />
        </page>
      </pages>
    </story>
    <story id="3" createdby="tuanva" feedback_require="false">
      <title>another story (2 pages)</title>
      <bgcolor>WHITE</bgcolor>
      <fontsize>10</fontsize>
      <font>Arial</font>
      <textcolor>BLACK</textcolor>
      <pages>
        <page>
          <content>page 2</content>
          <sound />
          <images />
        </page>
        <page>
          <content>page 1111</content>
          <sound>resources/sounds/goat.wav</sound>
          <images />
        </page>
      </pages>
    </story>
    <story id="4" createdby="tuanva" feedback_require="true">
      <title>new story</title>
      <bgcolor>WHITE</bgcolor>
      <fontsize>10</fontsize>
      <font>Arial</font>
      <textcolor>BLACK</textcolor>
      <pages>
        <page>
          <content>gg</content>
          <sound />
          <images />
        </page>
        <page>
          <content>123</content>
          <sound />
          <images>
            <image>/Users/tuanva/Pictures/IMAG0020.jpg</image>
            <image>/Users/tuanva/Pictures/IMAG0026.jpg</image>
          </images>
        </page>
      </pages>
    </story>
    <story id="5" createdby="tuanva" feedback_require="false">
      <title>updateeeee</title>
      <bgcolor>WHITE</bgcolor>
      <fontsize>10</fontsize>
      <font>Arial</font>
      <textcolor>BLACK</textcolor>
      <pages>
        <page>
          <content>gg</content>
          <sound />
          <images />
        </page>
        <page>
          <content>222</content>
          <sound />
          <images />
        </page>
      </pages>
    </story>
    <story id="6" createdby="tuanva" feedback_require="TRUE">
      <title>1111111</title>
      <bgcolor>WHITE</bgcolor>
      <fontsize>10</fontsize>
      <font>Arial</font>
      <textcolor>BLACK</textcolor>
      <pages>
        <page>
          <content>gg</content>
          <sound />
          <images />
        </page>
      </pages>
    </story>
    <story id="7" createdby="tuanva" feedback_require="true">
      <title>Buzzy Bee bee</title>
      <bgcolor>WHITE</bgcolor>
      <fontsize>10</fontsize>
      <font>Arial</font>
      <textcolor>BLACK</textcolor>
      <pages>
        <page>
          <content>Buzzy's not like other bees. Other bees make lots of trips to gather their nectar.</content>
          <sound />
          <images />
        </page>
      </pages>
    </story>
    <story id="8" createdby="admin" feedback_require="true">
      <title>This is a new story</title>
      <bgcolor>BLACK</bgcolor>
      <fontsize>14</fontsize>
      <font>Arial</font>
      <textcolor>WHITE</textcolor>
      <pages>
        <page>
          <content>This is the first test page with the singing goat and two images</content>
          <sound>resources/sounds/goat.wav</sound>
          <images>
            <image>resources/images/default.jpg</image>
            <image>resources/images/default.jpg</image>
          </images>
        </page>
        <page>
          <content>This is the second page with one image and no sound</content>
          <sound />
          <images>
            <image>resources/images/default.jpg</image>
          </images>
        </page>
      </pages>
    </story>
    <story id="9" createdby="admin" feedback_require="true">
      <title>This is a new story</title>
      <bgcolor>BLACK</bgcolor>
      <fontsize>14</fontsize>
      <font>Arial</font>
      <textcolor>WHITE</textcolor>
      <pages>
        <page>
          <content>This is the first test page with the singing goat and two images</content>
          <sound>resources/sounds/goat.wav</sound>
          <images>
            <image>resources/images/default.jpg</image>
            <image>resources/images/default.jpg</image>
          </images>
        </page>
        <page>
          <content>This is the second page with one image and no sound</content>
          <sound />
          <images>
            <image>resources/images/default.jpg</image>
          </images>
        </page>
      </pages>
    </story>
    <story id="10" createdby="admin" feedback_require="true">
      <title>This is a new story</title>
      <bgcolor>BLACK</bgcolor>
      <fontsize>14</fontsize>
      <font>Arial</font>
      <textcolor>WHITE</textcolor>
      <pages>
        <page>
          <content>This is the first test page with the singing goat and two images</content>
          <sound>resources/sounds/goat.wav</sound>
          <images>
            <image>resources/images/default.jpg</image>
            <image>resources/images/default.jpg</image>
          </images>
        </page>
        <page>
          <content>This is the second page with one image and no sound</content>
          <sound />
          <images>
            <image>resources/images/default.jpg</image>
          </images>
        </page>
      </pages>
    </story>
    <story id="11" createdby="admin" feedback_require="true">
      <title>This is a new story</title>
      <bgcolor>BLACK</bgcolor>
      <fontsize>14</fontsize>
      <font>Arial</font>
      <textcolor>WHITE</textcolor>
      <pages>
        <page>
          <content>This is the first test page with the singing goat and two images</content>
          <sound>resources/sounds/goat.wav</sound>
          <images>
            <image>resources/images/default.jpg</image>
            <image>resources/images/default.jpg</image>
          </images>
        </page>
        <page>
          <content>This is the second page with one image and no sound</content>
          <sound />
          <images>
            <image>resources/images/default.jpg</image>
          </images>
        </page>
      </pages>
    </story>
  </stories>
  <assigned>
    <item story="1" user="Helen">
      <done>true</done>
      <feedback>HAPPY</feedback>
    </item>
    <item story="1" user="Anna">
      <done>true</done>
      <feedback>SAD</feedback>
    </item>
    <item story="4" user="Helen">
      <done>true</done>
      <feedback>HAPPY</feedback>
    </item>
    <item story="3" user="Helen">
      <done>true</done>
      <feedback>MAD</feedback>
    </item>
  </assigned>
</storybuilder>
